Query,Dialect,Query Real Answer
"घरना पोरं उघडा, नी याहीणले नेसाडा लुगडा.",Ahirani,घरातली पोर उघडी राहिली तरी चालतील पण व्याहिणीला साडी नेसवायची.
धल्ली मरो नि संगात करो,Ahirani,छोट्याशा गोष्टीसाठी मोठं मोठे प्रयत्न करणे
"जिना गळात गाठलं, तिलेच बसाले पाटलं",Ahirani,"गाठल म्हणजे गंठण, सोन्याचा मोठा गोफ.. पाटल= पाटल ,पिढ. श्रीमंत असामीचा आदर सत्कार होतो. सोने नाणे असलेल्यांनाच मान मिळतो, पैसेवाल्याचेच आदरातिथ्य होते."
तुला लगिन व्हायेल का?,Ahirani, तुझे लग्न झाले आहे का
मॅनेजर ना हापिस काठा शे?,Ahirani,मॅनेजरची केबिन कुठे आहे?
आखो कितला दूर जान शे?,Ahirani,अजून किती दूर जायचं आहे?
त्या मीटिंगले उशिरा कबर वनत?,Ahirani,त्या मीटिंगला उशिरा का येत आहे?
गावात तात्यावाचून पान हालानं नही. मानोस काही सिकेल व्हता आसे नही,Ahirani,गावात तात्याशिवाय पान हालत नाही. माणूस शिकलेला होता असं नाही.
पन कोनी काय टाप त्याले आंग्ठेबहादूर म्हनानी?,Ahirani,पण कोणाची हिंमत त्याला म्हणायची?
तात्याले वावरात जावानी कदी पाळी वनी नही,Ahirani,तात्यांना शेतात जायची कधीच पाळी आली नाही.
गावातला लोकंभी त्याले सळ खाऊ देवाना नही.,Ahirani,गावातील लोकसुद्धा त्याला शांत बसू देत नव्हते.
पंगतम्हानभी बसा मंडळी आसे म्हनालेभी तात्याज पायजे.,Ahirani,पंगतीत ‘बसा मंडळी’ असे म्हणणारा पण तात्याच हवा.
बोघोनं घेऊन ये.,Ahirani,पातेलं घेऊन ये.
संपुट देवळात ठेव.,Ahirani,फुलपात्र देवळात ठेव.
शिंगल आणून दे.,Ahirani,कप आणून दे.
लच्छ्या नवं घ्यायचं हाय.,Ahirani,पैंजण नवे घ्यायचे आहे.
डबडं स्वयंपाकघरात ठेव.,Ahirani,डब्बा स्वयंपाकघरात ठेव.
टोंगल स्वच्छ करून ठेव.,Ahirani,झुमके स्वच्छ करून ठेव.
नातासनी कदर भी पैसासना मायेक कारण दोन्हिसले कमावान कठिन शे गमावान सोप शे.,Ahirani,"नात्यांची कदर पैशासारखीच करा, कारण दोन्ही कमावणे कठीण आहे आणि गमावणे सोपे आहे."
हाड्या काव-काव करत होता,Ahirani,कावळा काव-काव करत होता.
"माय माय करू, माय साखरन पोतं",Ahirani,"आई, आई करू, आई साखरेच्या पोत्यासारखी गोड आहे."
"मायना बिगर, कोन करेना आलोखी ",Ahirani,आईशिवाय मला कोणीच विचारपूस करणार नाही किंवा माझी काळजी घेणार नाही.
मन मायमा मना गच्ची जीव शे,Ahirani,माझ माझ्या आईवर खूप प्रेम आहे
कसा होत राहणा मन बाळ न,Ahirani,कसा होताय माझा बाळा ला
वाह रे कपटी माणूस,Ahirani,वा रे कपटी माणूस—तू किती कपटी आहेस!
आळा पळ !,Ahirani, रात्री जागरण करू नकोस. चुपचाप झोप
अंध्यासना बजार भरना,Ahirani,अंधांना बाजार उभं राहा
दगडले शेंदूर लाईसन पुजतस,Ahirani,दगडले शेंदूर लावून पूजा करता
घरमा म्हातारा माय बापले,Ahirani,घरी म्हातारा आईवडील आहेत
अन्न पानीले उपाशी ठेवतस,Ahirani,अन्न आणि पाणी असूनही उपाशी राहता
सहजर ईचार दगडले,Ahirani,सहजपणे विचार करून दगड लावतो
रातोरात देव कसा झाया,Ahirani,रातोरात देव कसा झोपला?
सांगणा देवबा तुन रे गणित तंत्र,Ahirani,"सांग ना देवबापू, तू गणिताचं तंत्र सांगणार?"
डोकाना झितरा वाडाईसन,Ahirani,डोक्यावर झिटका घेतल्यास वाडे आणतात
भगत तालवर मुडंक हालवस,Ahirani,भक्त तालीवर मुद्रां हलवतो
देस मस्त उटलट्या थापा,Ahirani,देशात धमाल उलट्या ठोका पेटवतात
चौक वर भुक्या भुकमा तडपतस,Ahirani,चौकात भुकेले लोक तडपतात
डोयाना आंध्या दगडले अन्न खाऊ घालतस,Ahirani,"डोळ्याला अंधारासारखा दगड होतं,अंदपणी अन्न खातो"
घर लेकरे बाय उपाशी मरतस,Ahirani,घरातले लोक उपाशी मरत आहेत
कशी तुनी कमाल खोट दान तू करस,Ahirani,तू कसली कमाल खोटी दान करतेस!
जिवत पने वाईट वागणूक दिनी,Ahirani,जिवंत असतानाही वाईट वागणूक करता
मरावर अश्रू का गायस,Ahirani,मृत्यूवरही अश्रू नका गात नाही का?
भुक्या माय बापनी आगारीले,Ahirani,भुकेले आईवडीलाने आगारी सोडले
हाड्याले नैवद्य कशाले देखाडस,Ahirani,हाडांनी नैवध्य कोणाला दाखवले?
वाह रे कपटी पना तुना,Ahirani,"वा, तुझ्या कपटीपणाला तरी कसं स्थळ मिळालं?"
कसा बायकोना गुलाम व्हयना,Ahirani,बायकोला गुलाम करून ठेवू नकोस
माय बापनी दिना जनम तुले,Ahirani,आई-वडीलानी तुझे जन्म दिलं
म्हातारपने लाथा बुक्का मारत ऊना,Ahirani,म्हातारीपणात तुझ्यावर लाथी-पिटू मारत आहोत
नवरीनी फुई: वं बहिनीओन! आटपा! नवरी तय्यार व्हयनी का?,Ahirani,नवरीने: अहो बहिणींनो! नवरी तयार झाली का?
तिले जास्त टाईम लागस नट्टापट्टाले!,Ahirani,तिला जास्त वेळ लागतोय वरवरचे साज बांधायला!
ठावका बस,Ahirani,गपचूप राहणे
काम नैन धाम नै... नुसता नखराच दखा नटमोगरीना!,Ahirani,"काहीच काम नाही... फक्त नखर दाखवतेस, नटमोगरीना!"
का वं इजु? नवरदेवले ववाळाले ताट लिधं का?,Ahirani,का हे बाई? नवरा ने टाट गाळून दृष्टदान केला का?
त्या मां तुपना दिव्वा लावाले इसरु नकोस बर्का!,Ahirani,"त्या माला तेलात दिवा लावून रडू नकोस, बाई!"
तुले म्हाईत शे ना 'धल्ला' ना स्वभाव!,Ahirani,तुला माहित आहे ना 'धडला' म्हातारीचा स्वभाव?
जवाईले ववाळशी तव्हय डोक्यावर पदर घे जो!,Ahirani,जावळाने निखळून सोडलं म्हणून डोक्यावर पडर घे!
का वं बहीन्! माले म्हाईत शे ना!,Ahirani,अहो बहिणींनो! मला माहिती आहे ना!
हा वं बहीन्! जवाईले कळनं तं मग बसं व्हई गयं!,Ahirani,हो रे बहिणी! जावा समजल्या कि मग बसतं व्यवस्थित
आसा दांगडो घाली तो लगिनमां,Ahirani,असा तो दांडगडा घाली आणि तो लग्नात आहे
हाय शुभीना नवरा भलता आग्यायेताळ शे!,Ahirani,हे शुभिन! नवरा चांगला आग्यायेत आहे!
एक येळ इस्तव हातमां धरी जाई पन ह्यास्ना सोभाव ना ...,Ahirani,एक वेळ इस्तव हातात बसवली जातं पण त्याला सोभत नाही...
"बाप रे बाप! शुभे, तु आतेपुरती मन्ही नथ घाली ले बईन!",Ahirani,"हे बाप रे बाप! शुभे, तू येईपर्यंत मी नथही घालणार नाही!"
सासुरवाशीण कस्तुरा गावावरुन येउन पोचते,Ahirani,सासरवाशिण कस्तुरा गावून येऊन पोहोचली
"माय वं, अण्णाले पह्यलेच सांगं व्हतं मी ...",Ahirani,"माय बाई, अण्णाने आधीच सांगावं असं मला वाटतंय ..."
आम्हले निवतं धाडं व्हतं का? आन मंग जाते कसा बोलतस तुन्हा सासरकडना?,Ahirani,आमच्याकडे निवड पडते का? आणि तू सासरकडे कसं बोलतोस?
का वं कस्तुरा? माले एक सांग ... तुम्ही नणंदना देरना लगनमां ...,Ahirani,का काय कस्तुरा? मला एक सांग... तुम्ही नणंदला लग्नात...
आटपा आटपा... तठे नवरदेव ई लागना पारवर आनि तुम्ही काय चावळी राह्यनात आठे?,Ahirani,बघ बघ... तिथे नवरा विवाहावर आला आणि तुम्ही काय चावलं राहिलात का?
हाऊ बबन्या कोठे शिलगना? वर्णाडना स्वागत कराले फुलमाळा सांगन्या व्हत्या मी...,Ahirani,"हो बाबन्या, कुठे शिलगला? वर्णाडला स्वागत करण्यासाठी फुलमाळा सांगणं मी..."
"तो सत्या, आज्या तर काई कामनाच नै शे",Ahirani,"तो खरं सांगतोय, आज्या (आजकाल) काहीच काम नाही"
"त्या वाजावाला, पोटझोड्या उनात का? त्याले म्हना नेमबंद वाजवा ...",Ahirani,"त्या वाजवाला (वादकाला), पेट झोडलेल्या उन्हात का? त्याला म्हणा नेमके वाजव जसं..."
कव्वय जाई हाई 'सुख्या' आते पारवर?,Ahirani,कुठे जाई हा 'सुख्या' येणं पारवर?
बबन्या: हाई काय ई राह्यनु हार लीसन! घ्या वं बहिनीओन... गजरा बांधा!,Ahirani,"बबन्याने: हे काय राहिलं (थांबलं)?, घ्या बहिणींनो... गजरा बांधा!"
"दादा, मानकर्‍यास्नी लिश्ट व्हई ना?",Ahirani,"दादा, मानकरी सुटी पाळली का?"
पंगतीम्हानभी तास्ना ताटेसले लावाना शेतस!,Ahirani,पंगतिमधेही ताऱ्यांचा ताट लावायला शेतातस!
तेलनपापड्या लिध्यात का? आन सांजोर्‍या? त्या परमिलाले इचार बरं!,Ahirani,तेलात पापड टाकल्यानंतर का? आणि सांडोऱ्याइतका? त्यामाल्यावर...
तु बेळमाथनी पुजी राह्यन्थी तव्हय... कल्याण शे!,Ahirani,तू बळकटपणे उभं राहिलंत म्हणून कल्याण आहे!
गावा मधी आज झांज-पाथ लागली. ,Ahirani,गावात आज ढोल-ताशांचा कार्यक्रम झाला.
"जीवनमा साधापन, गर्व तर नही कया... ",Ahirani,जीवनात साधेपणा आहे; पण त्याचा काही गर्वच नाही...
"आला काळा हसत होतस, पण आतून मन ख्याली पडलं... ",Ahirani,"बाहेरून तो हसत होता, पण मन आतून खुप कुठ्याशा काहीतरी विचारात पडलेले होते..."
"वाटा काटेरी भलत्या, काटा पायले टोचेत... ",Ahirani,"वाट काटेरी होत असते, आपण चालू असतो, पण ती वाट टोचते, काट्याकडे नेत असते..."
संघर्ष नशिबी खरा... वाट मन्ही खडतर. ,Ahirani,संघर्ष हा नशीबातच खरा असतो... आणि वाट तर मनाच कठीण बनते.
"गणिमी कावा तुमना, नहीं कयन रे माले... ",Ahirani,"गणाची गोष्ट म्हणतोय तुम्हाला, नाही म्हणून का सांगू मी..."
गावात तात्यावाचून पान हालानं नहीं.,Ahirani,गावात तात्या (वडिल) याशिवाय पान (परंपरा) हलत नाहीत.
तात्याला साळ खाऊ देवाणा नहीं. ,Ahirani,तात्याला साळ (आदर) करणं द्यायला ग्रामस्थ तयार नाहीत.
सग्ळी जागावर तात्या हजर र्हायना... ,Ahirani,प्रत्येक ठिकाणी तात्या उपस्थित राहणार असं काही नाही...
याळम्हान कवळज तोंडवरथून पाणी फिरावाना नहीं... ,Ahirani,पाण्याचे थेंब किंवा स्त्रोत तोंडावरून फिरवून दाखवलं जातं नाही... (मानसिक मिठास दाखवायला)
टोपील टार्च दिलेल र्हावानी. ,Ahirani,(तात्याला) टोपी व टॉर्च देऊन दाखवून मान दिला जातो.
आठोदाभर तात्या त्याज कपडे वापराना... पण कधी मलेल दखावाना नहींत. ,Ahirani,दीर्घ काळ तात्याचा वापर होणारा कपडा वापरला जातो; पण तो कधीच घाणलेला दाखवायला नाही.
पंगतिम्हानभी बसा मंडळी असे म्हणालेभी तात्याज पायजेच. ,Ahirani,"पंगतीत बसायला सांगितलं तरीही, तात्याचा आदर म्हणून त्यांचं स्थान राखलं जातं."
"न्यारा चेहरा जगना, माले ये नी ते शिकाड...",Ahirani,"वेगळा चेहरा जगाला दिसतो, पण माझ्यासमोर तो काही वेगळ्या छटा दाखवत नाही..."
"तारी काटेरी वाटा... हिम्मतथीन चालनू, बठा गंमत देखेत...",Ahirani,"ती वाट खूप कठीण आहे, पण हिम्मत न सोडता हसत चालत जा..."
"जग जस दिसस हो, तस ते नहींच र्हास...",Ahirani,"जग जसा दिसतो, तसा तो खरा नसतो..."
"संघर्ष नशिबी खरा, वाट मन्ही खडतर...",Ahirani,"संघर्ष हा नशिबात ठरलेला असतो, पण ती वाट मनाला फार कठीण वाटते..."
माले ये नी ते शिकाड...,Ahirani,"माझ्यासाठी जे काही आहे, ते त्याचं रूप किंवा छटा आहे..."
हाय पाईसन तिनं डोकं फिरनं...,Ahirani,अशी भीती वाटते की तिचं डोकं फिरतंय...
गुपचूप जाईसन भाजीना पातीलामा परातभर मीठ टाकी दिधं...,Ahirani,गुपचूप भाजीमध्ये/सारणात भरपूर मीठ टाकलं...
अवदसाना डोळा उघडनात... ती समोर ईसन लक्ष्मीना पाय पडनी...,Ahirani,अवदसाने डोळे उघडले आणि समोर लक्ष्मीच्या पायावर पाय ठेवला...
सग्ळी जागावर तात्या हजर र्हायना...,Ahirani,प्रत्येक ठिकाणी तात्याची उपस्थिती असणे शक्य नाही...
तात्याने वापरलेले कपडे कधीच मळलेले दाखवत नाहीत…,Ahirani,तात्यांचे वापरलेले कपडे कधीही घाण दिसत नाहीत...
गह्यरां फिरी फिरी येस,Ahirani,गहू (पिक) फिरत-फिरत येते. / गव्हाचे पेरणे-वाटप चालू आहे.
पहिरेल उगत ऱ्हास,Ahirani,पहाटे उठले की सकाळ उजळते. / सकाळ होते तेव्हा प्रकाश उगवतो.
बैल व्हयी गाड व्हडी ऱ्हायंता,Ahirani,बैल गाडीच्या बळावर काम करत आहेत. / बैलांनी गाडी ओढत काम चालू ठेवले.
कर्ज डोकावर बठी हासत ऱ्हास,Ahirani,कर्ज डोक्यावर असूनही (लोक) हसत आहेत — दुःखापासून तेगुप्तपणे वागत आहेत.
आत्ये पाऊस येना रे,Ahirani,अरे ये पाऊस येतो आहे! / पाऊस सुरू होतोय.
उकाड्या उन्हातून घरचे ओले जावं,Ahirani,उकाड्याच्या उन्हात घरातील कामं करताना सगळे पसीने पिळू लागतात.
"रात्रीचं गाव शांत, पंथ ठाणात",Ahirani,गाव रात्री शांत असतं; मार्गावर वस्तू ठामपणे उभ्या असतात.
दुपारी जेवणानं पहिले खाऊन मी थोडी विश्रांती घेतली,Ahirani,दुपारी जेवण करून मी थोडी विश्रांती घेतली.
पाणी न मिळाल्यावर पिकं उपटतात,Ahirani,पाण्याशिवाय शेतीची पिकं सुकायला लागतात.
पांढऱ्या धुक्यात गावी सारा थरार,Ahirani,पांढऱ्या धुक्यात गावात सगळे दृश्य वेगळे दिसते.
आंबान्ह झाडाची फांद्या एकमेकांत गुंतल्या,Ahirani,आंब्याच्या झाडांच्या फांद्या एकमेकांत गुंतल्या आहेत.
"तुमीन जरा ध्यानखाल दखा, आपला आजूबाजूले दखावन्हारा झाडे झुडे, जीव जंतु ह्यासुद्दा पर्यावरनना संगे तायमेय ठेवासाठे सोतानं रुप आसो गंध आसो यान्हा मार्फत व्यक्त व्हत र्हातंस",Ahirani,"तुम्ही थोडं लक्ष द्या; आपल्या आजूबाजूच्या झाडं, झुडुपं, जीव-जंतु हि पर्यावरण सांभाळण्यासाठी आपल्या रूप, वास यांमधून व्यक्त होत राहतात"
"जगम्हातली कुठलीबी भाश्या जर सिकानी व्हुई ते, वर सांगेल परमानेज आपले वागनं पडी",Ahirani,"जगात कोणतीही भाषा आपण शिकली तरी, आपल्या वागण्यावर त्या भाषेचा परिणाम सूरतो"
"आपेन आपला रोजाना व्यवहारम्हा यान्हा वापर कर्तसच, पन याले नेमकं काय म्हन्तस हाईज आपुनले ध्यानम्हा नई र्हास",Ahirani,"आपण आपला रोजचा व्यवहार येथे वापर करतो, पण हे नेमके काय म्हणतात हे आपल्याला अजिबात लक्षात येत नाही"
आपून वर सांगेल परमाने वागतस का? हाई जरा सोतालेज ईच्यारी दखा! आपन तसा वागतसच नथीन,Ahirani,स्वतःला सांगेल की तुम्ही का तसे वागताय? हे थोडं सोप्या पद्धतीने पहा! आपण तसा वागत नसतो
"तुमीन जरा ध्यानखाल दखा, आपला आजूबाजूले दखावन्हारा झाडे झुडे ...",Ahirani,"तुम्ही थोडं लक्ष द्या; आपले आजूबाजूचे झाडं-झुडुपं, जीव-जंतु पर्यावरणासाठी रूप आणि वास यांमधून व्यक्त होत आहेत"
आपन रोज सकाय झोपम्हाईन उठीसन पुनाईन जपत लगून जितालाबी कामे चोवीस कलाकम्हा कर्तस,Ahirani,"आपण रोज सकाळ झोपण्या आधी उठतो आणि नंतर काम करत, दिवसभर तीन चौवीस तास विविध कामे करतो"
तुमले दखावथीनज दखावथीन मोबाईलवर जर शंभर खटला व्हतीन ते त्याम्हा सत्तर ते ऐन्सी टक्का खटलासवर आसा हावस्या,Ahirani,"तुमच्या मोबाइलवर जर शंभर चॅट्स झाले असतील, त्यात सत्तर ते ऐंशी टक्के चॅट्स तुमच्यासाठी हवस्ये/आवडीचे असतात"
"मन्हा वाचनम्हा, आयकाम्हा जितलाबी अहिरानी पटलासव्हरना लिखन्हारा बोलन्हारा शेतंस त्याम्हा सामाजिक, शैक्षनिक, सांस्कृतिक, भौतिक आसा सर्वगूनसंपन्न ज्या विचारवंत, लेखक...दखावनात",Ahirani,"माझ्या वाचनात/अनुभवात, जेव्हा अहिराणी पटलावर येतात, लिखित आणि बोलणाऱ्या लोकांना सामाजिक, शैक्षणिक, सांस्कृतिक आणि भौतिक दृष्ट्या सर्व पैलूंचे विचारवंत/लेखक दिसतात"
आता आपन आखो एक वज्जी भारी मुद्दाना ईच्यार करूत. ह्या मुद्दानं नाव जरी धाकलसंच से तरी त्याम्हा भू भारी मतितार्थ भरेल से,Ahirani,आता आपण एक मोठा महत्वाचा मुद्दा उचलतोय. त्या मुद्द्याचा नाम धाकटी असला तरी त्याचा विचार महत्त्वाचा होईल
"तुम्हीन जरा ध्यानखाल दखा! आपन तसा वागतसच नथीन. बरं वागतस नैत ते नैत, त्याउप्पर आगाऊपना करीसनी बोलतस",Ahirani,तुम्ही थोडं लक्ष द्या! आपण तसे वागत नाही. ठीक आहे वागतसे पण त्या व्यवहारावर आधी विचार करून बोलता
अडस,konkani,छान
सरबरीत,konkani,वेडा
शाप व्हल्पटून टाकेल.,konkani,"
मारेन"
नकावडी,konkani,थोडी 
वसाड्या,konkani,पणवती
लाक्या,konkani,"
खोटारडा"
मुस्काट,konkani,चेहरा
माका / तुका,konkani,मला / तुला
खय ,konkani,कुठे 
झाटलिमन,konkani,"
रुबाबदार"
खबरांक म्हाका विसरुंक नका,konkani,मला बातमी देताना विसरू नकोस.
देवाक लागीं म्हाका संभाळ करता.,konkani,देव नेहमी माझी काळजी घेतो.
रेंदेर माडाशेर चडटात.,konkani,माकडे झाडावर चढतात.
कितें म्हाका जाय म्हून्न सांग.,konkani,मला काय हवे आहे ते सांग.
तुका सांगुंक जाल्यार खुब खुशी.,konkani,तुला सांगितल्यावर मला खूप आनंद होतो.
म्हाजे भितरले भाव गोप्या आसतात,konkani,माझ्या आतल्या भावना गुप्त असतात
हांव जाल्यार म्हाजो देश सेवा करता.,konkani,मी झालो तर माझ्या देशाची सेवा करीन.
ते लोक एकवट्टींत उत्तर दीउंक लागलें,konkani,त्या लोकांनी एकत्र येऊन उत्तर दिले
पावसाचीं धुं घोड्डे घेवून येतात.,konkani,पावसासोबत धुके डोंगरावर येते
म्हाका खुशी म्हून्न तुजें उत्तर आइलो,konkani,मला आनंद झाला की तुझे उत्तर आले
हांव म्हाका सांगुंक विसरलो.,konkani,मी सांगायचे विसरलो.
आमकां तुका मेळपाक खुब आसा आसात.,konkani,आम्हाला तुला भेटायची खूप इच्छा आहे.
तो रात्रीचेर आवाज म्हाका भितर जालें.,konkani,रात्रीचा आवाज मला आतून जाणवला.
तुमकां एकवट्टींत काम करुंक जाय.,konkani,तुम्हाला एकजुटीने काम करायचे आहे.
म्हाका काळजाचें खबर कोस्ली मेळ्ली,konkani,मला मनाची एक बातमी मिळाली.
भुर्गें पोदवी घेवुंक आसात,konkani,मुले पदवी घेत आहेत
ते लोक घराचेर भितर बसले आसात.,konkani,ते लोक घरात बसले आहेत.
रात्री सगळे तारे निस्तात,konkani,रात्री सर्व तारे चमकतात.
म्हाका परिक्षेत खुब भीरांत वाटलें.,konkani,मला परीक्षेत खूप भीती वाटली
आमकां पावसाचें खुशी जालें.,konkani,आम्हाला पावसामुळे आनंद झाला.
हांव तुमकां खबर दीउंक विसरलो.,konkani,मी तुम्हाला बातमी द्यायची विसरलो
हांव म्हाका काईं विसरुनास.,konkani,मी काहीही विसरलो नाही.
तुमकां घराचें काम संभाळुंक जाय.,konkani,तुम्हाला घरकाम सांभाळावे लागेल.
ते लोक बाजारांत खोंब घालता.,konkani,ते लोक बाजारात गर्दी करतात
भुर्गें स्कूलांत वाट घेता.,konkani,मुले शाळेत रांगेत उभी राहतात.
रेंडे म्हाका थोड्डें वाटलें.,konkani,मला खोरं थोडं लहान वाटलं.
आमकां एकवट्टींत जीवंत रावपाक जाय.,konkani,आम्हाला एकतेने जगायला हवे.
म्हाका भितर सगळे खुशी आसतात.,konkani,माझ्या मनात खूप आनंद आहे.
तुमकां काळजाचें गोप्या विसरुंक नका.,konkani,तुम्ही मनातील गुप्त गोष्टी विसरू नका.
आमकां सगळेआ खबर मेळ्ली.,konkani,आम्हाला सर्व बातम्या मिळाल्या.
तो म्हाका एकवट्टींत मोग करता.,konkani,तो मला मनापासून प्रेम करतो.
भुर्गें रात्रीचेर काळजांत उबोर्लें.,konkani,मुले रात्री मनाने जागी राहिली
म्हाका घोड्ड्यांक भितर भीरांत आसा.,konkani,मला घोड्यांपासून भीती वाटते.
आमकां पावसाचेर फुद्दर जालें.,konkani,आम्ही पावसामुळे पुढे गेलो.
उगड्डस म्हाका बरोबर आइलं.,konkani,आठवण मला योग्य वेळी आली.
जोडडोप घेऊनक तो उत्तर मेळ्लो,konkani,बेरीज करून त्याला उत्तर मिळाले.
अक्कोरशोन म्हाका भितोर जालं.,konkani,आकर्षण माझ्या मनात निर्माण झाले
कांतल्लो म्हाका परिक्षेत जालो.,konkani,परीक्षेत मला कंटाळा आला.
ओन्नुभोव म्हाका जीवाचें दाखोवलें.,konkani,अनुभवाने मला जीवन दाखवले.
इबड्ड म्हाका घर सरकेम जालो.,konkani,घरासारखे नुकसान झाले.
स्फोट्ट म्हाका भितर आवाज आइलं.,konkani,आतून स्फोटासारखा आवाज आला.
वोइजकी उपकार म्हाका खुब जालें,konkani,वैद्यकीय मदत मला खूप झाली.
तो धोंपर दुखलो आनी तो पिडेस्त जालो.,konkani,त्याला गुडघा दुखला आणि तो आजारी पडला.
म्हाका म्होंवामूस पोळ्ळेंव भय दिसलो.,konkani,मला मधमाशी पाहून भीती वाटली
ताच्यान घळ सोधुंक जाउंक नां.,konkani,त्याला दरीतला रस्ता शोधता आला नाही.
ताचो धिकार उगटो जालो.,konkani,त्याचा अधिकार उघड झाला.
ह्या मुद्रपिंडा भायर वचत ना.,konkani,ही मूत्रपिंड बाहेर जाणार नाही.
ताच्यान झेल काड्डुंक जाले ना.,konkani,त्याला बर्फ काढता आले नाही.
ताच्या घरा लागीं एक घळ आसा.,konkani,त्याच्या घरा जवळ एक दरी आहे.
ह्याचें पुस्तकाचो अपकार नासलो.,konkani,या पुस्तकाचे उपकार नव्हते.
तांचें अवकाशान आमचें सोयम्बाचो बदल जालोय.,konkani,त्यांच्या रिकाम्या वेळेमुळे आमच्या स्वभावात बदल झाला.
तें घोड वारें आसलें.,konkani,ती घोड्यासारखी हवा होती.
म्हजी बाय कडयेन विणली.,konkani,माझी पत्नी कापसाने विणली.
रात्रीचेर अस्तंत दिश्ठी पडलो.,konkani, रात्री पश्चिम दिसली.
तुं कितें कारणान मुखदार जाता?,konkani,तू कोणत्या कारणामुळे समोर येतो?
ताचें भुरगेंपण खुब आनंदी आसलें,konkani,त्याचे बालपण खूप आनंदी होते.
तो एक धिकार मनीस आसलो.,konkani,तो एक अधिकार असलेला माणूस होता.
आमकां बुद्द नासलो.,konkani,आम्हाला बुद्धी नव्हती.
घरा लागीं एक झेल आसा.,konkani,घरा जवळ एक बर्फाचा तुकडा आहे.
एक कोंस दिसलें.,konkani,एक कणीस दिसले.
पिशारपणान तो पिशो जालो.,konkani,वेडेपणामुळे तो वेडा झाला.
तो निदोर जालोय.,konkani,तो झोपलेला आहे.
तो पिडेस्त जालो.,konkani,तो आजारी झाला.
ते आवल पडले.,konkani,ते दगड पडले.
ताच्यान आखाणो काड्डुंक जाले ना.,konkani,त्याला अंगठा काढता आला नाही.
एक मूर्त देवुलाचो दाखायलो.,konkani,एक मूर्ती देवांची दाखवली.
ताचो धाको ताडलो.,konkani,त्याचा धागा तुटला.
धोर्ण्ण पाळुंक आमकां फर्ज आसा,konkani,नियम पाळणे आपला कर्तव्य आहे.
आमकां मोग आसलो,konkani,आम्हाला प्रेम होते.
सुर्यो उदेंत उडतो.,konkani,सूर्य सकाळी पूर्वेकडून उगवतो
बोडवोन्नी मेळ्लुंक लोकांक सहाय जातां.,konkani,सूचना मिळाल्यावर लोकांना मदत होते.
धोर्ण्ण पाळुंक आमकां फर्ज आसा.,konkani,नियम पाळणे आपला कर्तव्य आहे.
शिकोप मेळ्लुंक चेड्डां भितोर घालता.,konkani,शिक्षा मिळाल्यावर मुले घाबरतात.
शिकॉण्ण म्हाका जीवाचें मार्ग दाखोवलं.,konkani,शिक्षणाने मला जीवनाचा मार्ग दाखवला
उत्प्रोख दिऊंक लोकांक कल्पना जाता.,konkani,उपमा दिल्याने लोकांना कल्पना येते.
आयजकाल म्हाका काम करुंक सकोईलं.,konkani,आजकाल मला काम करणे शक्य झाले.
पोरमोल्ल म्हून्न घरांत शोभित जालो.,konkani,महत्त्वामुळे घरात शोभा निर्माण झाली.
रुन्न घेताम घरांत दुःख जालो.,konkani,कर्ज घेतल्याने घरात दुःख आले.
शक्ती आसा म्हून्न तो जीव करून पावला.,konkani,ताकद असल्याने तो यशस्वी झाला.
काळजोप करुंक म्हून्न आमी घेवचें,konkani,काळजी घेणे म्हणून आम्ही घेतले.
हकीक म्हाका सांगपाक खुब अवघड जालें.,konkani,सत्य सांगणे मला खूप अवघड झाले.
गुस्पोन्नेचें उत्तर म्हाका काळजाचें जालें.,konkani,गुंतागुंतीचे उत्तर मला मनात आले.
लोवचिक वस्त्र म्हाका शोभित दिसता.,konkani,लवचिक वस्त्र मला सुंदर दिसते.
उद्धार म्हाका गुरूचें काळजाचें मेळ्लें.,konkani,उद्धार मला गुरूच्या कृपेने मिळाला.
धरनी म्हाका भितोरांत दिसता.,konkani,पृथ्वी मला आतून (मनातून) दिसते.
धाडप म्हाका बरोबर मेळ्लें,konkani,पाठवलेली वस्तू मला योग्य मिळाली.
पालव म्हाका नवी जालें.,konkani,पालवी मला नवीन दिसली.
नियाळप म्हाका चिंतोप जालें.,konkani,निरीक्षण मला विचारात टाकले.
लटिकु म्हाका बाजारांत मेळ्लो,konkani,फळी मला बाजारात मिळाली.
उच्छाउ म्हाका मंदिरांत मेळ्लें.,konkani,उत्सव मला मंदिरात मिळाला.
त्येचं गपरी कोण मानुस धांवणार. करनोनारा नवता.,Varhadi,"
त्याच्या घरी काम करणारा कोणीच पुरूष नाही."
तेल्या दिसला कुतरा घेआसारका,Varhadi,त्याला एक कुत्रा दिसतो जो तो आणू शकतो.
त्याला अखिन याद याद आली तेन पन्नास रूपे घेतले,Varhadi,त्याला पुन्हा एकदा आठवलं की त्याला ५० रुपये घ्यावे लागतील.
त्या पोऱालो नव्हाल वाटलो,Varhadi,त्या मुलाला आश्चर्य वाटलं
घेतला ताथी नेऊन सोडला,Varhadi,तो तिथून निघून गेला जिथून त्याने उचलले होते.
नवरिका बाप फिकिरित,Varhadi,नवरीचा बाप चिंतेत आहे
मैने दोन मैने रयली,Varhadi,ती तिथे २ महिने राहिली
यानं केला त्या पता कडाला पायजे ,Varhadi,त्याने त्याचा पत्ता शोधावा
मंग देनाच पडला त्याले,Varhadi,मग त्याला द्यावंच लागलं
कंट्या वोक्ती लग्न कराता,Varhadi,कोणत्या वेळी लग्न करता
"एका कवडिले बाईल इकला, पाचे रुपयचा",Varhadi,त्याने आपला बैल पाचशे रुपयांना विकला
जो तुमचा बुधा आहे घंरी तो सानल,Varhadi,घरी एक म्हातारा माणूस आहे तो तुम्हाला सांगेल
दुसरा हांडा कुठे हय,Varhadi,दुसरा हांडा कुठे आहे
लग्न झाला ता तो निंगाला,Varhadi,लग्नानंतर तो निघून जाऊ लागला
धावत पायत ते भाकर बांदली,Varhadi,धावत-पळत त्याने भाकरी बांधली
का वं मा बैनीले न बाप्पूले जेवाले बलावाचा ईचार हाये,Varhadi,मी बहिणीला आणि बाप्पाला जेवायला बोलावण्याचा विचार करत आहे
बलावाना बाप्पा मी का तुमाले नाई मंतो कां कंधी,Varhadi,त्यांना यायला सांगा मी कधी तुम्हाला नाही म्हटलं का?
ता संग बोलनं म्हंजे ना पंचे लयच भारी काम हाये,Varhadi,"त्यांच्याशी बोलणं म्हणजे ना, खूप अवघड काम आहे"
नाई ना थे त कालच गेली,Varhadi,"नाही, ती कालच गेली "
"मी जाईन आठंक दिवसानं, तेवळाच जीवाले अराम",Varhadi,"मी आठ दिवसांनी जाईन, मला आराम मिळेल"
"हवं, च्या पेल्यावर कायचा थांबते थो",Varhadi,चहा पिल्यानंतर तो का थांबेल?
मले काय तुमी म्याट समजता काय,Varhadi,तुला वाटतंय मी वेडा आहे का?
आता हे दोन्ही पोट्टे कुटं गेले,Varhadi,आता ही दोन्ही मुलं कुठे गेली?
कचरा घिवून गेले टाकाले त अजून आलेच नाई,Varhadi,"कचरा घेऊन गेले टाकायला, पण अजून आलेच नाहीत"
जा बरं पावून या तुमी तेयले,Varhadi,जा आणि ते कुठे आहेत ते बघ
तुमचे पोरंयी काय कमी हाये काय,Varhadi,तुमची मुलगीही चांगली आहे.
लोकं कुटयी फेके कचरा,Varhadi,लोक कुठेही कचरा टाकतात
बिमाऱ्या त लयच कमी हुन रायल्या,Varhadi,आजार खूपच कमी झाले आहेत
आता तू मंत त खरंच असंन,Varhadi,जर तुम्ही असे म्हणत असाल तर ते खरे असले पाहिजे
कच ईशय धा खेपा काळता,Varhadi,तू एकच गोष्ट १० वेळा पुन्हा सांगत आहेस
तुयी माय तं साळी नेसते,Varhadi,तुझी आई साडी घालते
मी गेम खेवून रायली मोबाईलवर,Varhadi,मी मोबाईलवर गेम खेळत आहे
भजे खा चे असंन त घिवून या,Varhadi,जर तुम्हाला भजी खायची असेल तर जा आणि घेऊन ये
आता येवळ्या लौकर उठून काय करु मी,Varhadi,"माझा हात दुखत आहे, कणिक मळल्यामुळे"
रखमे मांड बर च्या बाबासाठी,Varhadi,"रखमा, बाबांसाठी चहा ठेव"
धुतलं ना वं माय म्या तोंड मंघानीच,Varhadi,"धुतलं ना गं आई, मी तोंड मगाशीच"
म्याही मनलं मंग सासुरवाळीले जाआच हाये त बा चांगलं दनक्यात जावू,Varhadi,या वर्षीपासून धरणाचे पाणी मिळत असल्यामुळे गावातील सर्वच शेतकरी दोन-तीन पिके घेण्याच्या प्रयत्नात आहेत
आता मातरं बबनले सोंगाची कायजी मिटल्यावानी वाटली,Varhadi,आता मात्र बबनला सोंगाची काळजीपासून सुटका मिळाल्यासारखं वाटलं
ईकळे त्याले अडवांस देल्ल्या थ्या बायका वाट पावू पावू थकल्या,Varhadi,इकडे त्याला ॲडव्हान्स दिलेल्या त्या बायका वाट बघून बघून थकून गेल्या.
दोई हात जोळून घराम्होरं जमलेल्या बायाईले नमस्ते केला,Varhadi,दोन्ही हात जोडून घराजवळ जमा झालेल्या बायकांनी नमस्कार केला
थ्या दिवसी मोठा सायेब सुट्टीवर असल्याच्यानं सारे मोकये व्होते,Varhadi,त्या दिवशी मोठा साहेब सुट्टीवर असल्यामुळे सगळे मोकळे होते
 मंग मी अशा वखताले हात पा ले बसलो,Varhadi, हातांकडे पाहत मी त्या वेळी हातांकडे पाहत बसलो.
त्याले राहासाठी कालनीमंधीच सरकारी क्वार्टर भेटल व्होतं,Varhadi,त्यांना राहण्यासाठी कॉलनीत सरकारी क्वार्टर मिळाले
बाजुलेच घोयक्यात उभ्या असलेल्या दादाराव दाभाडेनं त्याच्याकळं पायलं,Varhadi,शेजारीच घोळक्यात उभ्या असलेल्या दादाराव दाभाडे यांनी त्याच्याकडे पाहिले.
अजूक सांगा मनून गयावया करु लागला,Varhadi,याबद्दल अधिक सांगण्याची विनंती केली
बुढी मने पुळच्या वरसी तावलं लगनच करा,Varhadi,"आजी म्हणाली, पुढच्या वर्षी त्याचं लग्नच कर"
बबन्या माधोसंग गोळगोळ बोलाले लागला,Varhadi,बबन्या माधवसोबत गोडगोड बोलायला लागला
आलोच हाये त बा घ्या बंबाट फिरुन,Varhadi,आता तुम्ही इथे आला आहात म्हणून थोडा वेळ इथे फिरा
तेयच आळनाव मी ईथं मुद्दाम सांगत नाई,Varhadi,त्यांचे आडनाव मी इथे मुद्दाम सांगत नाही
औंदा मले तुमच काईच आईकाचं नाई,Varhadi,यावेळी मला तुमचं काहीच ऐकायचं नाही
मंगूभौ म्हनून वाज देल्ला पन ह्या शटर खोलाले तयार नाई.,Varhadi,"मंगूभाऊ म्हणून आवाज दिला, पण शटर उघडायला तयार नाही"
बजारातनी लय तकलादू भेटतेत,Varhadi,बाजारात खूप कमकुवत  वस्तू भेटतात
घरी येजा अन मावल्या बायकोचा हात पायजा बरं.,Varhadi,आमच्या घरी येऊन माझ्या बायकोचा हात बघा
जसे गेर टाकता यीन तसे त्यानं टाकनं सुरु केले,Varhadi,जसे  घेरे टाकता येतात तसे त्याने टाकायला सुरुवात केली.
कवा समुद्राच्या बुळात जावून मासोयाचं रंगीबेरंगी जगई पावून येते,Varhadi,कधीतरी समुद्राच्या तळात जाऊन माशांचं रंगीबेरंगी जग पाहून येते
तेयच्या डोयातले आसू अन समुद्रातलं पानी सारकंच वाटल,Varhadi,त्याच्या डोळ्यांतील अश्रू आणि समुद्रातील पाणी सारखे वाटले
ह्या मासोयाचा घोयका फिरतांनी यका कासवाले दिसला,Varhadi,हा माशांचा घोळका फिरताना एका कासवाला दिसला
झोपल्याझोपल्याच डोये किलकिले करुन पायले,Varhadi,झोपेतूनच डोळे किलकिले करून पाहिले
पन विच्छा माराची वास्देवरावले सवय नोती,Varhadi,वास्तरदेवला कधीही इच्छा मोडण्याची सवय नाही
येवळ्या जोरानं म्हंतेत का आपल्यालेई म्हनूशा वाटते,Varhadi,ते इतक्या मोठ्याने बोलतात की मलाही बोलायला उत्सुकता वाटते
बरं भाऊजी च्या गी घ्यान काय,Varhadi,ठीक आहे मग भाऊजी तुम्ही चहा घ्याल का?
नंदू ईकळे गालातल्या गालात मूकऱ्या मूकऱ्या हासते,Varhadi,"नंदू इकडे गालातल्या गालात, हळू हळू हसत आहे"
त्यानं सकायीच झोरा उचलला अन् मामी झोपीतून उठाच्या पयलेच गज्यामामा भूं पयाला,Varhadi,गजभाऊची मामी जागे होण्यापूर्वी त्याने त्याची बॅग उचलली आणि पळून गेला
ढोरालेई सोळंत नाई तिथं मानसाची काय कता,Varhadi,"तिथे गुरांनाही सोडत नाहीत, तर माणसांची काय कथा?"
जेवाचा टाईम होयेपावतर दोघंई साळू चीळीचूप बसले व्होते येकाच बाजीवर,Varhadi,त्यांनी वेळ येण्याची वाट पाहिली आणि तोपर्यंत दोघेही सादू बाजेवर शांतपणे बसले
तुमी तुमच्या पोरीले ह्या डांबरटवालीले घिवून या,Varhadi,तुमच्या मुलीला तुमच्यासोबत डांबरटवाडीला घेऊन या.
तसा सरापच हाये म्हने,Varhadi,तो सराफ आहे असे म्हणा
पन त्याले बिच्याऱ्याले आखरीपावतर काई सांगताच नाई आलं,Varhadi,पण त्याला बिचाऱ्याला शेवटपर्यंत काही सांगताच आलं नाही
घरचा पावना लय दिवसानंतर लगनात भोकरबर्डीत झयकला,Varhadi,भेकरबर्डी येथे झालेल्या लग्नात घरातील नातेवाईक दिसला
माह्या त माह्यावरच इसवास नाई बसे,Varhadi,माझा तर माझ्यावरच विश्वास बसत नाही
आता म्हने ह्यानं बालीले तरास देनंयी सोळलं,Varhadi,"आता म्हणतात की, याने बालीला त्रास देणेही सोडून दिले"
बिचारा घोळ्यावर बसून पोट्ट्याईचा नाच मूटुमूटु पावून रायला व्होता,Varhadi,बिचारा घोड्यावर बसून मुलांचा नाच शांतपणे बघत होता
जाय बरं थ्या घोळीच्या टिंबाटिंबावर येक लिचोंडा घिवून ये,Varhadi,जा आणि त्या घोळातून एक लिंबाची फांदी घेऊन ये
त्याच्या वावरात पेरलेला सोला तीन मयन्यानंतर चांगलाच बहरला.,Varhadi,त्याच्या शेतात पेरलेला मका तीन महिन्यांनंतर चांगलाच बहरला
नाईतं म्हनांन तुमी ह्या वकील कुठुंन आनला ईचिभीन,Varhadi,"नाहितर तुम्ही विचाराल की मी हा वकील कुठून आणला,ज्याला काहीही माहिती नाही"
मंग मंघानी इंधन घ्याले गेलतो तव्हा पाह्यली थे कोन व्होती,Varhadi,मी इंधन तपासणार होतो मग काही वेळापूर्वीच कोण आहे ते शोधले.
थो घराकडे याले निंघाला त येका बाभुयीच्या झुळपावर त्याले दिसला,Varhadi,तो घराकडे निघत असताना एका बाभळीच्या झुडपावर त्याला दिसला
तेयले कास्याच्या गळवा गिल्लासात पानी देल्लं प्यासाठी,Varhadi,त्याला पितळेच्या पेल्यात पाणी दिलं पिण्यासाठी
शाळेत मास्तरीनले दाखोते तसे यान दोन बोट तिले दाखोले,Varhadi,"त्याने तिला २,३ बोटे दाखवली, अगदी शाळेत असताना त्याने त्याच्या मॅडमला दाखवल्याप्रमाणे"
तुले तावल्या मालकाची भिती नाई,Varhadi,तुला त्या मालकाची भीती नाही?
"नाई च्याच मांडना, साकरीचा डबायी नाई दिसून रायला",Varhadi,"नाही, चहा नाहीये, मला साखरेचा डबाही दिसत नाहीये"
पोट्ट जास्तच टेंभलाले लागलं,Varhadi,मुलगा जास्तच हट्टीपणा करू लागला
मले माह्या वयखीच्या येका मानसानं पत्ता देल्ला,Varhadi,मला माझ्या ओळखीच्या एका माणसाने पत्ता दिला
अन् मी त सांगतलेल्या मोहल्ल्यातच आलो व्होतो,Varhadi,आणि मी त्याच गल्लीत प्रवेश केला जिथे मला सांगितले होते
सापळत नसल्यानं मावली सटकन्याच्या बेतात असतांनाच मावला टुपलाईट येकदम पेटला,Varhadi,"सापडले नाही, म्हणून मी त्या ठिकाणाहून हलण्याचा विचार करत होतो तेव्हाच ट्यूबलाइटने माझ्या डोक्यात प्रकाश पडला"
बोटं फिरोता फिरोताच आता त्याचे नंबर बरोबर लागून रायले होते,Varhadi,बोटं फिरवता फिरवता आता त्याचे नंबर बरोबर जुळायला लागले होते
बसला कां नवचा आकळा दाबाच्या वखती याचा सहाचा अन् सातचा आकळा दाबाच्या वखती चारचाच आकळा दबून जाये,Varhadi,जेव्हा तो बसून नऊ क्रमांक दाबण्याचा प्रयत्न करतो तेव्हा त्याने सहा क्रमांक दाबला असतो आणि जेव्हा तो सात क्रमांक दाबण्याचा प्रयत्न करतो तेव्हा त्याला चार क्रमांक येतो
उद्या पून्यांदा भेटू ह्याच वखताले जेवन - खावन झाल्यावर,Varhadi,"उद्या पुन्हा भेटू याच वेळेला, जेवण-खावण झाल्याव"
दुकानं बंद हाये त सरकारचा लय मयसूल बुळून रायला,Varhadi,दुकाने बंद आहेत म्हणून सरकारचा खूप महसूल बुडून चाललाय
 निवळनुकीच्या वखताले फुकट भेटते,Varhadi,निवडणुकीच्या वेळी फुकट मिळते.
आता येच्यात न पटाजोगतं काय हाये,Varhadi,आता यात न पटण्यासारखं काय आहे?
आम्हाला साकायपरी उडून नदीवर जावे लागते,Varhadi,आम्हाला सकाळी उठणे' नदीकडे जावे लागते
एका हाति नाराय दिला,Varhadi,एका हातात नारळ दिला
जे पदार्थ केले ते नेमून दिले,Varhadi,पदार्थ बनवले ते वितरित केले गेले
 लग्न लावल्यावर पोय करायला बनवलं,Varhadi,जेव्हा लग्न सुरू झाले त्याच क्षणी मी भेटवस्तू तयार करत होतो
लग्नाच्या रोजी प्रत्येक सापाक केला,Varhadi,लग्नाच्या दिवशी प्रत्येक स्वयंपाक केला
"माया इथे पावणे, माया घरी राहिले",Varhadi,"माझे पाहुणे इथेच थांबले, माझ्या घरीच राहिले"
पण हा पाणी तप्याचा टिप आहे तो जाय आणि भरून,Varhadi,"हा पाण्याचा नळ आहे, तो जा आणि भरून घे"
भाकर नाही करत ता आला अखीन बोलवायला,Varhadi,"भाकरी करत नाही, तरी तो पुन्हा बोलावण्यासाठी आला"
राजा आणि प्रधान सोयरीक पायले चालले होते,Varhadi,राजा आणि प्रधान सोयरीक पाहण्यासाठी चालले होते
"काय लखा, आस करतोय काय ?",Satara,काय रे आस का वागतो
"काय मर्दा, आस करायलास वय",Satara,काय रे आस का वागतो
यारी वर कामाला चाललोय,Satara,विहिरीतील गाळ काढणे जुगाड (यारी)  वर कामाला चाललोय
मेंढर वळायला गेलाय,Satara,मेंढर(shep) राखायला गेलाय
मोट हाकतोय,Satara,विहिरीतून पाणी बाहेर काढून शेती का देतोय
लाईट गेली आहे चिमणी लाव,Satara,लाईट गेली आहे दिवा लाव
उंटा वरून शेळ्या राखणे,Satara,आपली कामे दुसऱ्यांना सांगणे
रान कोळपने,Satara,शेतीची मेहनत करणे
आजोळी चाललोय,Satara,आईच्या माहेर घरी चाललोय
तुझ्या बापाची पेंड आहे काय,Satara,तुझ्या हक्काच आहे का
खवट,Satara,"चालक, strong"
माझा मित्राचं हे बिराड आहे,Satara,माझा मित्राची ही girlfriend आहे
झील,Satara,जमिनीतून पाणी बाहेर येण्याची जागा
ऐटाक,Satara,पेरणी यंत्राला पकडण्यासाठी वापरले जाणे supporter
खुरुड,Satara,कोंबडी चे राहण्याचे ठिकाण
करडू,Satara,शेळीचे (goat) पिलू (baby)
आवत चालू आहे,Satara,"रानाची कसागत, मेहनत चालू आहे"
गावाला हाय,Satara,गावाला आहे
चला निघतो,Satara,जातो
काय चाललंय,Satara,काय चाललंय
निघतो मग,Satara,जातो मी आत्ता
कामावर जाऊन आलाय,Satara,तो कामावर जाऊन आला आहे
दिवस मावळला आहे,Satara,"सूर्य मावळला आहे"" किंवा ""संध्याकाळ झाली आहे"
तो बाजाराला गेलाय,Satara,"तो बाजारात गेला आहे"""
नवीन गाडी घेतलीय,Satara,मी/एखाद्याने नवीन गाडी खरेदी केली आहे
ऐक ना धड भरभर चिंध्या,Satara,ऐक ही काम नीट/पूर्णपणे न करणे
आज पार्टी आहे,Satara,आज एक समारंभ किंवा उत्सव आहे
मला जेवायला वाड,Satara,माझ्या ताटात जेवण वाढ
फकड्या गावच्या चौकात आहे,Satara,फकड्या नावाचा माणूस गावातील चौकात उभा आहे
तो बैलगाडा शर्यती बघायला गेलाय,Satara,तो माणूस बैलगाड्यांची शर्यत पाहण्यासाठी गेला आहे
विशाल ला माज आलाय,Satara,"विशाल खूप गर्विष्ठ झाला आहे"" किंवा ""विशालला अहंकार आला आहे."
सव्वा दोन तास पाणी पुरवठा बंद होता.,Satara,दोन तास आणि पंधरा मिनिटांसाठी पाणी येणे थांबले होते.
पाच पायली बाजरी दे,Satara,हे वाक्य बाजरीची मागणी करण्यासाठी वापरले जाते. 'पायली' हे जुन्या काळात धान्य मोजण्यासाठी वापरले जाणारे एक माप आहे
दोन पायली ज्वारी गिरणीतून दळून आण,Satara,गिरणीतून दोन पायली ज्वारी पिठ करून घेऊन या
मुले व्हरांड्यात खेळत आहेत,Satara,लहान मुले घराच्या बाहेरील मोकळ्या जागेत खेळात व्यस्त आहेत.
व्हरांड्यात,Satara, घराच्या बाहेरील मोकळ्या जागेत
फिरायला महाबळेश्वर ला जायचं आहे,Satara,तुम्हाला महाबळेश्वरला फिरायला जायचं आहे.
गणपतीत बाहेर जाऊ नको,Satara,गणपतीच्या सणादरम्यान बाहेर जाऊ नका
जरा शिक त्याच्या कडून,Satara,"त्याच्याकडून काहीतरी शिकून घे"" किंवा ""त्याच्याकडून थोडं ज्ञान घे."
माणसात रहा,Satara,"इतरांसोबत मिळून-मिसळून राहा"" किंवा ""गर्विष्ठ होऊ नकोस."""
तुच्छ लेखणे,Satara,"एखाद्याला कमी लेखणे"" किंवा ""एखाद्याची किंमत न करणे."
आज शाळेत प्रवेश घेण्यासाठी गेलो होतो,Satara,मी आज शाळेत नावनोंदणी किंवा ॲडमिशनसाठी गेलो होतो.
दोघे पण खूप राबतात,Satara,"ते दोघेही खूप कष्ट करतात"" किंवा ""ते दोघेही खूप मेहनत करतात."
पैलवान तालमीत व्यायाम करत आहेत,Satara,कुस्तीपटू व्यायामशाळेत सराव करत आहेत.
पाटील वाड्यावर आहेत,Satara,पाटील त्यांच्या घरी किंवा वाड्यावर आहेत.
सुशांत बाहेर गावी शिकायला गेला आहे.,Satara,सुशांत दुसऱ्या शहरात किंवा गावात शिक्षणासाठी गेला आहे
रानातून वैरण आणायची आहे,Satara,मला शेतातून  जनावरांसाठी गवत किंवा चारा घेऊन यायचा आहे.
सकाळी दव पडली आहे,Satara,सकाळी गवतावर किंवा झाडाच्या पानांवर दवाचे थेंब साचले आहेत.
गाई का चारा टाक,Satara,गायीला खायला गवत किंवा चारा दे
शिरवाळ पडल आहे,Satara,"म्हणजे सतत जड पाऊस नाही, पण हलक्या स्वरूपात पावसाची सुरूवात झाली आहे."
लग्नाच्या दिवशी त्यांनी एक व्हिडिओ शेअर केला,Satara,त्यांच्या लग्नाच्या दिवशी त्यांनी एक व्हिडिओ सर्वांसोबत शेअर केला.
बोकडाचे मटण 800रु किलो आहे,Satara,म्हणजे बोकडाचे मांस १ किलोसाठी ८०० रुपये दराने विकले जात आहे.
बोकड म्हणजे काय,Satara,बोकड म्हणजे नर बकरी (male goat)
वरदावा गावातून फिरणार आहे,Satara,एखाद्या व्यक्तीच्या लग्नाचा वेळी त्याची गावातून मिरवणूक होणार आहे
मी शिकारी ला जाणार आहे,Satara,मी शिकार करण्यासाठी जाणार आहे
ती खूप हुशार आहे,Satara,ती खूप बुद्धिमान आणि हुशार आहे.
हा मुलगा गंड आहे,Satara,हा मुलगा कमी हुशार आहे
तो मंद आहे,Satara,त्याची बुद्धी कमी आहे.
मी आज चपाती भाजी खाल्ली,Satara,मी आज जेवणात चपाती आणि भाजी खाल्ली
"उद्या भंडारा आहे, मी तिकडे जेवण करेल",Satara,उद्या गावात एक मोठा जेवणाचा कार्यक्रम आहे आणि मी तिथे जेवण करेन.
आज आमच्या मेंढीला कोकरू झालं,Satara,आज आमच्या मेंढीने एका पिल्लाला जन्म दिला
राणी मेंढी ला बकरा झाला,Satara,राणी नावाच्या मेंढीला बकरं झालं.
"रडा होणार , पोरं नाय ऐकणार",Satara,"रडा' या शब्दाचा अर्थ गोंधळ,किंवा भांडण असा होतो.मुले तुमचे ऐकणार नाहीत आणि त्यामुळे खूप गडबड किंवा गोंधळ होईल"
अजित पवारांनी 13 कोटींचा घोळ केला,Satara,अजित पवार यांनी 13 कोटी रुपयांचा घोटाळा किंवा गैरव्यवहार केला आहे
सगळे नेते भ्रष्टाचारी आहेत,Satara,सर्व राजकीय नेते भ्रष्टाचार करतात.
पाणी पाजून आण,Satara,पाणी पिऊन ये
रणातलं पाणी पेटलय,Satara,शेतातील पाणी कमी झाले आहे
भाकरीला भाजून दे,Satara,भाकरीला नीट भाजून दे
तो लयच कामात गुंतलाय,Satara,तो खूप जास्त कामात व्यस्त आहे
आजचा दिवस उकाडा आहे,Satara,आजचा दिवस खूप उष्ण आहे
आमच्या शेतात गहू पेरलेत,Satara,आमच्या शेतात गहू पेरले आहेत
त्याला बघावाच लागेल,Satara,त्याला बघावेच लागेल
जांभळाचा पाऊस पडतोय,Satara,जांभळ्या रंगाचा पाऊस पडत आहे
जनावरांना चारा दे,Satara,जनावरांना खायला दे
मी लवकरच गावात येईन,Satara,मी लवकरच गावी येईन
गाडीला रंग मारायचा य,Satara,गाडीला रंग लावायचा आहे
हा माणूस माझ्या ओळखीचा नाय,Satara,हा माणूस माझ्या ओळखीचा नाही
आज बाजारपेठेत गर्दी हाय ,Satara,आज बाजारपेठेत गर्दी आहे
ती खूपच चतुर हाय ,Satara,ती खूपच हुशार आहे
आम्ही बाहेर फिरायला गेलो होतो,Satara,आम्ही बाहेर फिरायला गेलो होतो
आज पाऊस पडल का?,Satara,आज पाऊस पडेल का?
त्याचा स्वभाव चांगला हाय,Satara,त्याचा स्वभाव चांगला आहे
मला एका मित्राची मदत हवीय,Satara,मला एका मित्राची मदत हवी आहे
तो माझा जुना मित्र हाय,Satara,तो माझा जुना मित्र आहे
मी तुला नंतर कॉल करन,Satara,मी तुला नंतर फोन करेल
आज खूप थंडी हाय ,Satara,आज खूप थंडी आहे
तो नेहमीच हसतो,Satara,तो नेहमीच हसत असतो
त्याला भूक लागली य,Satara,त्याला भूक लागली आहे
आम्ही एकत्र जेवतो,Satara,आम्ही एकत्र जेवण करतो
हा रस्ता कुठे जातो?,Satara,हा रस्ता कुठे जातो?
मी आज शाळेत गेलो नाय,Satara,मी आज शाळेत गेलो नाही
ती खूप छान गाते,Satara,ती खूप छान गाते
मला एक नवीन ड्रेस हवाय ,Satara,मला एक नवीन ड्रेस हवा आहे
तो चांगला खेळाडू आहे,Satara,तो एक चांगला खेळाडू आहे
आजचा दिवस खूप व्यस्त होता,Satara,आजचा दिवस खूप व्यस्त होता
ती रोज व्यायाम करते,Satara,ती रोज व्यायाम करते
मला लवकर झोपायचे हाय ,Satara,मला लवकर झोपायचे आहे
तो कामावर गेलाय,Satara,तो कामावर गेला आहे
मी नवीन घर घेतल य ,Satara,मी नवीन घर घेतले आहे
आजची हवा खूप चांगली हाय,Satara,आज हवा खूप चांगली आहे
त्यांना नवीन नोकरी मिळाली या,Satara,त्यांना नवीन नोकरी मिळाली आहे
